Time,Ave_t,Max_t,Min_t,Prec,SLpress,Winddir,Windsp,Cloud
24/03/2022,9.1,12.3,5.9,0,1014.9,160,17,2
23/03/2022,8.3,12.3,4.3,0,1016.1,189,13,2
22/03/2022,6,9.1,2.8,0,1024.3,160,10,2
21/03/2022,3.9,7.9,-0.2,0,1025.8,117,6,2
20/03/2022,2.5,5.1,-0.2,0,1023.5,158,8,2
19/03/2022,3.5,6.2,0.7,2,1019.3,345,23,2
18/03/2022,4.1,6.2,2,1.9,1012.8,323,15,2
17/03/2022,8.4,14,2.8,1.1,1019.5,351,20,2
16/03/2022,9.9,14.2,5.7,0.7,1019.3,37,11,2
15/03/2022,10.6,15.4,5.7,0,1012.8,153,12,2
14/03/2022,10.8,15.4,6.1,0,1015.9,344,16,2
13/03/2022,9.9,13.1,6.7,0.2,1013.3,163,7,2
12/03/2022,10.2,13.8,6.7,0.3,1011.4,136,10,2
11/03/2022,9.9,13.8,6.1,0,1017.9,136,9,2
10/03/2022,9.1,12.5,5.7,2,1016.3,114,9,2
09/03/2022,8.9,12.7,5.1,0,1020.5,148,11,2
08/03/2022,8.2,12.1,4.4,0,1018.3,146,11,2
07/03/2022,5.5,9.7,1.3,0,1019.3,169,9,2
06/03/2022,5.8,10.3,1.3,0,1024.2,182,13,2
05/03/2022,11.2,20,2.4,0,1024.1,337,12,2
04/03/2022,12.7,20,5.3,0,1013.9,317,19,2
03/03/2022,8.2,13.3,3.1,0,1014.7,155,13,2
02/03/2022,6.1,9.7,2.5,0,1018.4,156,9,2
01/03/2022,5.6,8.7,2.5,0,1022.3,316,18,2
28/02/2022,6.3,9.7,3,0,1016.8,151,14,2
27/02/2022,6.7,10.3,3,0,1022.1,169,13,2
26/02/2022,7,10.4,3.5,0,1021.8,269,16,2
25/02/2022,4.9,9.6,0.2,0,1023.6,181,12,2
24/02/2022,1.2,7.2,-4.8,0,1030.5,189,9,2
23/02/2022,-0.6,3.7,-4.8,0,1035.9,229,8,2
22/02/2022,1.7,5.4,-2,0,1036.3,0,18,2
21/02/2022,0.9,5.4,-3.6,0,1032.3,344,12,2
20/02/2022,0.2,4,-3.6,0,1030.7,273,11,2
19/02/2022,-0.3,2.5,-3.1,0,1031.8,326,24,2
18/02/2022,-1.6,2.5,-5.7,0,1030.5,87,10,2
17/02/2022,-2.5,0.6,-5.7,0,1032.5,55,7,2
16/02/2022,-2.5,0.6,-5.6,0,1030.8,1,19,2
15/02/2022,-1.6,2.5,-5.6,0,1028.3,345,11,2
14/02/2022,2.1,6.6,-2.3,0,1027.6,356,20,2
13/02/2022,4.5,7.7,1.3,0.2,1023.4,167,9,2
12/02/2022,5.2,8.5,2,0,1025.5,126,6,2
11/02/2022,5.2,8.5,2,0,1027.2,188,6,2
10/02/2022,5.2,8.5,2,0,1025.1,198,7,2
09/02/2022,3.5,6.7,0.2,0,1025.1,183,9,2
08/02/2022,3.3,6.7,-0.1,0,1029,299,6,2
07/02/2022,1.2,4.7,-2.3,0,1029.3,346,6,2
06/02/2022,0.2,4.7,-4.2,0,1031.4,337,10,2
05/02/2022,-1,2.2,-4.2,0,1033.2,328,17,2
04/02/2022,0.7,4.2,-2.8,0,1030.8,335,19,2
03/02/2022,0.4,4.2,-3.4,0,1028.8,182,7,2
02/02/2022,-0.1,3.3,-3.4,0,1031,341,7,2
01/02/2022,0.9,5.1,-3.3,0,1032.5,342,15,2
31/01/2022,1.2,5.1,-2.7,0,1026.3,316,15,2
30/01/2022,0.6,4.3,-3.1,0,1026.3,224,9,2
29/01/2022,0.2,3.5,-3.1,0,1026,345,10,2
28/01/2022,0,3.1,-3.1,0,1029.6,343,15,2
27/01/2022,1.1,4,-1.9,0,1031.3,359,14,2
26/01/2022,1.1,4,-1.9,0,1028.9,353,13,2
25/01/2022,0.7,3.4,-2.1,0,1025.8,336,12,2
24/01/2022,0.7,3.6,-2.3,0,1024.6,336,18,2
23/01/2022,1.4,4.8,-1.9,0,1025.9,356,20,2
22/01/2022,0.8,4.8,-3.3,2,1025.9,33,8,2
21/01/2022,-1.7,3,-6.4,0,1029.6,70,6,2
20/01/2022,-1.8,2.8,-6.4,0,1032.8,347,10,2
19/01/2022,1.8,6.4,-2.9,0,1030,356,19,2
18/01/2022,2.9,6.4,-0.7,2,1026.6,211,9,2
17/01/2022,1.1,4.5,-2.3,0,1031.2,353,10,2
16/01/2022,1.6,5.5,-2.3,0,1030.4,286,8,2
15/01/2022,1.2,5.5,-3,0,1025,331,13,2
14/01/2022,0.5,4,-3.1,0,1024.2,199,10,2
13/01/2022,0.4,3.9,-3.1,0,1029.3,344,13,2
12/01/2022,0.3,3.9,-3.2,0.1,1025.1,289,18,2
11/01/2022,-0.2,2.7,-3.2,0,1027.9,16,10,2
10/01/2022,3.1,6.6,-0.3,4.9,1025.9,334,16,2
09/01/2022,3.6,7,0.3,0,1024.7,250,7,2
08/01/2022,2.9,7,-1.2,0,1025.8,334,7,2
07/01/2022,2.4,6,-1.2,0,1030.5,270,6,2
06/01/2022,2.6,5.5,-0.3,0,1033.9,325,9,2
05/01/2022,2.1,5.3,-1,0,1030.3,346,8,2
04/01/2022,3,6.9,-1,0,1030.3,69,10,2
03/01/2022,2.9,6.9,-1.1,0,1027.6,331,10,2
02/01/2022,3.4,7.8,-1.1,0,1030,284,9,2
01/01/2022,3.4,7.8,-1.1,0,1028.6,258,14,2
31/12/2021,2.4,5.9,-1.2,0,1032.7,196,7,2
30/12/2021,2.1,5.4,-1.2,0,1031.9,335,9,2
29/12/2021,2.8,6,-0.4,0,1027.4,321,15,2
28/12/2021,0.8,6,-4.3,0,1025.1,228,10,2
27/12/2021,-1.8,4.6,-8.1,0,1033,287,6,2
26/12/2021,-5.7,-3.3,-8.1,0,1039.2,318,20,2
25/12/2021,-5.7,-3.9,-7.5,0.9,1042.2,331,23,2
24/12/2021,0.9,8.3,-6.5,0.1,1035.6,1,26,2
23/12/2021,7,11.1,3,0,1024.4,346,14,2
22/12/2021,8.3,11.6,5,0,1024,159,12,2
21/12/2021,8.9,12.8,5,0,1021.3,103,11,2
20/12/2021,8.4,12.8,4,0,1016.1,211,8,2
14/12/2021,3.5,8.6,-1.7,2,1020.5,221,16,2
13/12/2021,2.5,6.8,-1.7,0,1027.1,243,8,2
12/12/2021,4.8,8.4,1.2,0,1033.8,351,18,2
11/12/2021,6.8,9.3,4.2,2,1029.5,334,14,2
10/12/2021,7.8,11.2,4.3,0,1028.9,337,16,2
09/12/2021,7.3,11.2,3.5,0,1026.3,305,6,2
08/12/2021,7.1,10.7,3.5,0,1031.3,192,8,2
07/12/2021,8.3,12.5,4.2,0,1033.4,347,13,2
06/12/2021,10.4,13.2,7.6,0,1028.7,323,14,2
05/12/2021,9.6,13.2,5.9,0,1026.1,202,10,2
04/12/2021,8.3,12.9,3.8,0,1028.2,142,8,2
03/12/2021,6.9,10.7,3.1,0,1025.1,307,8,2
02/12/2021,6.7,10.7,2.6,0,1019.6,277,13,2
01/12/2021,4.5,6.5,2.6,0,1027.7,303,13,2
30/11/2021,8.6,14.1,3.1,0,1025.1,321,30,2
29/11/2021,11.8,14.1,9.6,9.6,1021.1,262,11,2
28/11/2021,9.7,13.8,5.5,24.5,1029.4,171,9,2
27/11/2021,9.5,13.5,5.5,0,1034.2,137,9,2
26/11/2021,10,13.7,6.3,0,1030.8,314,7,2
25/11/2021,9.8,14.1,5.4,0,1022.6,341,6,2
24/11/2021,7.8,14.1,1.4,0,1017.8,254,10,2
23/11/2021,5,8.6,1.4,0,1022.6,273,12,2
22/11/2021,6.2,10.8,1.5,0,1026.1,315,23,2
21/11/2021,11.8,16.3,7.2,1.4,1021,323,22,2
20/11/2021,14.1,16.6,11.6,0.1,1020.2,162,10,2
19/11/2021,14.4,17.3,11.6,0,1019.1,98,10,2
18/11/2021,14.2,17.3,11.1,0,1016.6,198,10,2
17/11/2021,12.3,16.2,8.5,0,1020.9,200,10,2
16/11/2021,12.7,16.9,8.5,0,1025.5,301,6,2
15/11/2021,13.2,17.3,9,0,1022.1,104,8,2
14/11/2021,12.7,17.3,8,0,1020,181,7,2
13/11/2021,11.5,16.1,6.9,0,1017.6,244,9,2
12/11/2021,9.9,13,6.9,0,1020.7,331,10,2
11/11/2021,9,12.1,5.9,0,1019.6,311,20,2
10/11/2021,7.8,12.1,3.6,0,1015.4,308,18,2
09/11/2021,4.5,9.1,-0.1,0,1016.1,298,22,2
08/11/2021,4,8.2,-0.1,0,1021,302,24,2
07/11/2021,12.7,20.5,4.9,19.5,1018.6,289,29,2
06/11/2021,18.4,20.5,16.3,0.7,1019.6,118,12,2
05/11/2021,16.9,19.2,14.7,2,1017.4,120,13,2
04/11/2021,16.8,19.2,14.3,0,1018.6,168,8,2
03/11/2021,13.6,18.6,8.6,0,1019.2,222,8,2
02/11/2021,12.2,15.8,8.6,0,1023.7,209,8,2
01/11/2021,14.6,19.2,9.9,0,1028.2,1,12,2
31/10/2021,17.6,20.2,15.1,2,1025.8,348,14,2
30/10/2021,17.1,20.2,13.9,0,1023,188,7,2
29/10/2021,16.5,20.5,12.5,0,1023.1,187,8,2
28/10/2021,16.1,20.5,11.6,0,1025,347,4,2
27/10/2021,15.8,20,11.6,0,1024.5,336,7,2
26/10/2021,15.7,19.6,11.8,0,1021.4,260,7,2
25/10/2021,15.5,19.4,11.6,0,1022.4,226,9,2
24/10/2021,13.9,18.4,9.5,0,1025.7,343,5,2
23/10/2021,13.4,17.3,9.5,0,1028.9,32,6,2
22/10/2021,13.1,16.8,9.3,0,1028.6,356,11,2
21/10/2021,12.2,16.5,7.9,0,1024.1,332,11,2
20/10/2021,11,14.1,7.9,0,1024.4,317,9,2
19/10/2021,13.2,16.6,9.9,2,1027.4,12,17,2
18/10/2021,11.8,16.6,6.9,0,1022.2,245,11,2
17/10/2021,10.7,14.5,6.9,0,1029.1,266,8,2
16/10/2021,15.1,20.6,9.6,0,1034.1,2,18,2
15/10/2021,19.6,24.2,15.1,0.1,1024,359,16,2
14/10/2021,19.2,24.2,14.3,0.9,1021,344,16,2
13/10/2021,18.1,22.7,13.5,0,1022.4,88,6,2
12/10/2021,17.2,20.9,13.5,0,1025.5,358,11,2
11/10/2021,16.7,19.8,13.6,2,1025.5,10,15,2
10/10/2021,19.6,23.8,15.4,1.9,1023.5,349,21,2
09/10/2021,18.8,23.8,13.7,5.5,1018.6,134,15,2
08/10/2021,18,22.3,13.7,11.2,1020.3,53,10,2
07/10/2021,18.6,22.2,15.1,26.8,1019.7,4,15,2
06/10/2021,19.3,22.2,16.4,1.2,1018.5,3,15,2
05/10/2021,21.2,26.1,16.4,2,1021.8,5,14,2
04/10/2021,24.8,26.1,23.5,3,1017.4,159,9,2
03/10/2021,23.4,26.3,20.6,2,1012.2,167,14,2
02/10/2021,24.8,28.9,20.6,0,1012.2,163,13,2
01/10/2021,24.3,28.9,19.7,0,1010.1,202,6,2
30/09/2021,22.9,26.2,19.6,0,1009.2,186,10,2
29/09/2021,22.9,26.2,19.6,0,1010.5,316,9,2
28/09/2021,21.8,23.3,20.3,2,1010.1,348,13,2
27/09/2021,21.9,23.6,20.2,0.1,1011.5,322,16,2
26/09/2021,21.9,23.6,20.3,38,1015.3,122,13,2
25/09/2021,23.4,25.5,21.3,2.4,1019.2,121,14,2
24/09/2021,23.9,26.3,21.6,1.3,1020.5,127,14,2
23/09/2021,25.4,29.4,21.3,0,1019.3,140,11,2
22/09/2021,24.6,29.4,19.7,0,1012.5,357,8,2
21/09/2021,23.8,27.8,19.7,0,1004.5,213,9,2
20/09/2021,23.1,25.4,20.8,7.2,1003,226,15,2
19/09/2021,23.1,25.4,20.8,54.5,1009.8,128,17,2
18/09/2021,23.9,26.9,20.8,0,1015.2,137,5,2
17/09/2021,23.9,26.9,20.8,0,1013.2,349,15,2
16/09/2021,23.8,27.8,19.8,0,1012.3,55,9,2
15/09/2021,24.8,29.7,19.8,0,1015.2,92,9,2
14/09/2021,25.1,29.8,20.5,0,1016.1,356,16,2
13/09/2021,25.9,29.8,22,0,1015.2,44,9,2
12/09/2021,25.4,27.7,23.2,0,1013.6,127,10,2
11/09/2021,25.3,27.4,23.2,0,1010.9,161,11,2
10/09/2021,25.1,27.4,22.8,0,1011.8,160,10,2
09/09/2021,22.8,26.4,19.2,0,1011.2,172,13,2
08/09/2021,22.8,26.4,19.2,0,1012.2,183,9,2
07/09/2021,23.1,25.9,20.3,0,1012.9,338,11,2
06/09/2021,22.4,25.1,19.7,2,1010.5,325,15,2
05/09/2021,21.4,23,19.7,25.6,1011,87,24,2
04/09/2021,23.8,26.9,20.7,26.4,1012.8,93,13,2
03/09/2021,23.9,26.9,21,2,1010.3,164,6,2
02/09/2021,23.1,26.6,19.5,0,1009.4,148,7,2
01/09/2021,22.2,24.9,19.5,0.4,1012.3,273,6,2
31/08/2021,23.4,25.6,21.3,63.3,1011,38,11,2
30/08/2021,23.1,25.5,20.7,18,1013.9,108,14,2
29/08/2021,23.1,25.5,20.7,2.6,1014.7,90,7,2
28/08/2021,22.9,25.6,20.1,3.8,1014.1,119,8,2
27/08/2021,24.3,28.5,20.1,0.6,1014,195,5,2
26/08/2021,26.6,29.2,23.9,3.1,1011.8,242,10,2
25/08/2021,26.2,30.4,22,0,1005.6,222,10,2
24/08/2021,26.2,30.4,22,0,1000.7,265,9,2
23/08/2021,25.2,27.6,22.8,42.1,999.4,61,18,2
22/08/2021,26.6,30.8,22.4,3,1007,158,10,2
21/08/2021,26.2,30.8,21.7,0,1005.7,321,9,2
20/08/2021,25.2,28.8,21.7,23.2,1005.7,78,8,2
19/08/2021,25.9,30,21.9,0,1008.5,157,9,2
18/08/2021,26.7,31.5,21.9,0,1009.5,102,10,2
17/08/2021,27.9,31.5,24.2,2.7,1010.9,334,10,2
16/08/2021,25.8,29.2,22.4,0,1012.9,179,8,2
15/08/2021,25.4,29.2,21.7,0,1013,145,7,2
14/08/2021,25.4,29,21.7,0,1009.8,239,8,2
13/08/2021,26.6,30,23.3,0,1007.8,79,8,2
12/08/2021,26.6,30,23.3,0.7,1009.6,87,5,2
11/08/2021,27,30.6,23.4,0,1010.1,182,7,2
10/08/2021,28.4,32.2,24.6,0.5,1007.1,162,9,2
09/08/2021,28.4,32.2,24.6,0,1005,174,9,2
08/08/2021,27.6,30.3,24.9,0,1005.1,238,9,2
07/08/2021,26.2,29.1,23.4,0,1005.2,176,9,2
06/08/2021,26.3,29.2,23.4,0,1003.9,152,7,2
05/08/2021,27.6,29.9,25.2,5.7,1004.4,156,11,2
04/08/2021,27.2,29.9,24.6,0,1006.1,171,12,2
03/08/2021,27.9,31.4,24.3,0,1007,146,7,2
02/08/2021,27.1,31.4,22.7,0,1003.7,287,9,2
01/08/2021,26.2,29.7,22.7,0,999.4,198,10,2
31/07/2021,26.9,30.6,23.1,2.8,998.7,178,14,2
30/07/2021,25.7,28.3,23.1,0,996.2,216,9,2
29/07/2021,25.9,28.3,23.6,36.7,995.2,165,19,2
28/07/2021,27.6,29.2,26.1,5.5,999.7,113,18,2
27/07/2021,27.5,29.2,25.8,2,1001.9,97,17,2
26/07/2021,28.6,31.3,25.8,4.3,1001.9,109,14,2
25/07/2021,28.1,31.3,24.8,0,1004.3,105,11,2
24/07/2021,27.6,30.3,24.8,0,1007.3,116,8,2
23/07/2021,27.9,30.9,25,0,1009.1,130,8,2
22/07/2021,27.9,30.9,25,0,1009.9,126,9,2
21/07/2021,27.2,30,24.5,0,1011.9,122,11,2
20/07/2021,25.9,28.1,23.8,0,1012.7,127,12,2
19/07/2021,25.9,28.1,23.8,0,1011,134,10,2
18/07/2021,25.4,27.9,22.8,0,1009.9,127,10,2
17/07/2021,25.4,27.9,22.8,0,1009.9,123,14,2
16/07/2021,24.4,25.9,22.8,4.3,1010.3,147,12,2
15/07/2021,25.2,27.6,22.9,13.5,1009.7,129,12,2
14/07/2021,25.2,27.6,22.9,23.5,1005.9,145,10,2
13/07/2021,25.6,28.2,23,81.4,1002.7,159,10,2
12/07/2021,27.6,30.6,24.6,2.5,1002,149,14,2
11/07/2021,27,30.7,23.3,0,1006.5,143,11,2
10/07/2021,26.1,30.7,21.6,0,1005.2,155,11,2
09/07/2021,24.3,27.8,20.8,0.1,1004.2,166,11,2
08/07/2021,23.8,26.8,20.8,2,1004.7,153,8,2
07/07/2021,23.2,25.8,20.6,0,1006.4,166,6,2
06/07/2021,22.9,25.1,20.6,0,1006.7,151,10,2
05/07/2021,23.9,27,20.8,0,1007.5,157,10,2
04/07/2021,23.6,27,20.3,0,1007.3,164,10,2
03/07/2021,23.4,26.5,20.3,3.1,999.7,346,19,2
02/07/2021,24.2,26.5,21.9,28.2,1006.1,121,14,2
01/07/2021,23.8,25.9,21.7,0,1006.3,151,11,2
30/06/2021,22.6,24.3,20.8,0,1005.3,158,10,2
29/06/2021,23.1,25.4,20.8,2,1004.5,153,10,2
28/06/2021,23.2,25.4,21,0,1004.7,165,10,2
27/06/2021,22.1,23.3,21,0,1005.2,140,8,2
26/06/2021,22.8,24.8,20.8,0,1006.1,143,11,2
25/06/2021,20.9,23.6,18.3,2,1007.5,143,11,2
24/06/2021,21.9,25.5,18.3,0.2,1010,147,10,2
23/06/2021,27.4,32.7,22.1,4.4,1011.5,168,10,2
22/06/2021,27.2,32.7,21.8,0,1008.4,132,9,2
21/06/2021,28.1,34.3,21.8,0,1004.1,172,12,2
20/06/2021,27.9,34.3,21.5,0,1001.2,154,9,2
19/06/2021,25.9,32.2,19.5,0,999.8,234,10,2
18/06/2021,24.2,29.3,19.2,0,1001.9,235,7,2
17/06/2021,22.1,25.5,18.8,4.1,1004.1,264,6,2
16/06/2021,22.1,25.5,18.8,0,1005.4,143,9,2
15/06/2021,21.1,24.2,18,2,1000.8,62,11,2
14/06/2021,19.8,22.1,17.5,14.3,1000.1,121,16,2
13/06/2021,18.6,20.4,16.7,0,1007.1,148,12,2
12/06/2021,21.4,26,16.7,0,1011.8,154,13,2
11/06/2021,22.9,26.9,18.9,0,1011,177,11,2
10/06/2021,22,25.6,18.4,1.9,1007.6,144,9,2
09/06/2021,21.2,24.5,17.9,1.3,1009.9,133,11,2
08/06/2021,21.9,25.6,18.3,0.6,1012.4,140,11,2
07/06/2021,23.8,28.8,18.7,0,1009.1,157,14,2
06/06/2021,23.6,28.8,18.5,0,1005.3,152,11,2
05/06/2021,22.2,28,16.4,0,1000.1,158,8,2
04/06/2021,21.2,26,16.4,0,1000.5,201,11,2
03/06/2021,19,20.9,17.1,0.9,1005.1,290,9,2
02/06/2021,18.6,20.8,16.5,0.8,1007.4,150,14,2
01/06/2021,18.8,22.2,15.4,0,1010.1,138,13,2
31/05/2021,19.6,23.8,15.4,0,1007.6,142,13,2
30/05/2021,20.6,24.9,16.3,2,1006.5,126,10,2
29/05/2021,20.6,24.9,16.4,0,1004,181,9,2
28/05/2021,19.8,24,15.5,0,1005.1,297,20,2
27/05/2021,19.8,24,15.5,0,1000.2,186,11,2
26/05/2021,18.8,24,13.6,2,1002.2,245,14,2
25/05/2021,18.8,24,13.6,0,1007.4,193,14,2
24/05/2021,18.9,22.7,15.1,1.9,1008.8,123,14,2
23/05/2021,18.4,21,15.8,0,1011.3,327,12,2
22/05/2021,17.4,21,13.8,0,1009.5,158,12,2
21/05/2021,17.4,21.3,13.4,0,1009.3,163,11,2
20/05/2021,17.4,21.5,13.4,0.3,1008.9,161,10,2
19/05/2021,20.2,24.9,15.6,9.7,1010.1,156,8,2
18/05/2021,20.3,26.7,13.9,0,1010.5,173,9,2
17/05/2021,19,26.7,11.3,0,1011.1,284,9,2
16/05/2021,16.4,21.6,11.3,2.9,1007.8,337,22,2
15/05/2021,18.4,21.6,15.3,3.4,1003.7,304,13,2
14/05/2021,17,20.1,13.9,28.9,1006.6,116,14,2
13/05/2021,17,20.1,13.9,0,1011.5,141,13,2
12/05/2021,15.7,17.6,13.7,0.8,1011.5,134,8,2
11/05/2021,15.1,16.9,13.3,0.5,1010.4,237,6,2
10/05/2021,16.1,19.2,13.1,0,1010.3,129,13,2
09/05/2021,19.6,26,13.1,0,1009.2,129,15,2
08/05/2021,19.8,26,13.5,0,1005.6,125,15,2
07/05/2021,19.1,23.9,14.2,0,1007.4,249,18,2
06/05/2021,16.2,20.8,11.6,0,1006.8,195,19,2
05/05/2021,16.4,21.3,11.6,0,1014.3,182,13,2
04/05/2021,14.9,19.1,10.8,0.4,1011.4,320,15,2
03/05/2021,14.3,19.4,9.2,4.4,1012,124,12,2
02/05/2021,13.6,19.4,7.8,0,1020.3,172,11,2
01/05/2021,13.5,19.2,7.8,0,1014.5,326,16,2
30/04/2021,13.4,17.4,9.4,0.2,1008,112,10,2
29/04/2021,14.5,19.3,9.7,9,1003.2,244,10,2
28/04/2021,16.4,20.4,12.3,0.2,1013.3,141,9,2
27/04/2021,15.2,20.4,10,0,1016,155,9,2
26/04/2021,15.7,21.3,10,5.4,1017.9,161,8,2
25/04/2021,16.6,21.3,12,2,1021.3,325,11,2
24/04/2021,13.2,15.2,11.3,2,1021.2,269,9,2
23/04/2021,12.6,13.8,11.3,2,1015.2,350,14,2
22/04/2021,13.2,14.1,12.3,25.4,1012.8,125,15,2
21/04/2021,13.9,16.2,11.7,2.5,1018,116,15,2
20/04/2021,14.6,18.4,10.8,0,1019.7,140,11,2
19/04/2021,13.8,18.4,9.1,0,1016.7,162,13,2
18/04/2021,13.4,17.8,9.1,0,1019,176,12,2
17/04/2021,13.6,17.7,9.4,0,1021.5,325,18,2
16/04/2021,13.4,17.7,9.1,0.1,1017.4,304,12,2
15/04/2021,11.3,15.3,7.4,0.6,1014.1,172,19,2
14/04/2021,11.3,15.3,7.4,0,1019.9,187,10,2
13/04/2021,11.3,15,7.7,0,1022.4,270,14,2
12/04/2021,12.4,15,9.9,0,1015.3,332,17,2
11/04/2021,12.2,14.7,9.7,3.3,1023.5,110,15,2
10/04/2021,12.8,16.2,9.5,0,1028.7,150,12,2
09/04/2021,13.5,18.3,8.7,0,1026.4,151,9,2
08/04/2021,13.5,18.3,8.7,0,1023.6,176,9,2
07/04/2021,14.4,18.5,10.4,0,1022.5,268,10,2
06/04/2021,12.9,17.7,8.1,0,1023.2,164,6,2
05/04/2021,11.4,17.5,5.4,0,1023.4,131,8,2
04/04/2021,10.2,15.1,5.4,0,1025,338,18,2
03/04/2021,9.8,11.5,8,0.2,1020.2,344,23,2
02/04/2021,12.9,16.1,9.8,15.3,1016.6,26,9,2
01/04/2021,11.7,16.1,7.3,2,1016.7,106,13,2
31/03/2021,11.7,16.1,7.3,0,1014.5,97,8,2
30/03/2021,13.4,17.7,9.1,0,1013.9,144,9,2
29/03/2021,13.6,18.5,8.7,0.1,1011.3,310,5,2
28/03/2021,13.6,18.5,8.7,0,1007.2,318,14,2
27/03/2021,11.9,14.9,8.9,0.3,1006.6,328,13,2
26/03/2021,11.8,16.5,7,14.2,1014.5,130,11,2
25/03/2021,12.1,17.2,7,0,1020.7,154,9,2
24/03/2021,12.5,17.2,7.8,0,1018.3,247,9,2
23/03/2021,10.8,17.2,4.3,0,1016.4,173,14,2
22/03/2021,10.8,17.2,4.3,0,1022.3,231,9,2
21/03/2021,6.8,9.3,4.4,0,1025.3,304,21,2
20/03/2021,7.5,10.7,4.2,0,1019.2,327,21,2
19/03/2021,8.6,12.9,4.2,0.3,1018.5,329,12,2
18/03/2021,8.8,12.9,4.6,0,1021.4,338,9,2
17/03/2021,8.7,12.7,4.6,0,1022.3,140,8,2
16/03/2021,8.9,12.7,5.1,0,1022.1,190,9,2
15/03/2021,9.6,12.1,7,0.1,1015.5,4,17,2
14/03/2021,10.8,14.5,7,0,1017.4,156,13,2
13/03/2021,10.5,14.9,6.1,0,1022.1,173,9,2
12/03/2021,10.5,14.9,6.1,0,1025.5,300,8,2
11/03/2021,9.5,12.7,6.3,0.6,1024.9,14,8,2
10/03/2021,8.7,12.7,4.7,0,1027.7,149,9,2
09/03/2021,6.5,11.1,1.9,0,1027.7,156,10,2
08/03/2021,3.2,7.7,-1.2,0,1027.8,158,8,2
07/03/2021,3.2,7.7,-1.2,0,1030.2,290,7,2
06/03/2021,5.6,11,0.2,0,1032.2,344,26,2
05/03/2021,7.8,11,4.7,0,1024.4,117,13,2
04/03/2021,6.9,10,3.8,0,1021,160,10,2
03/03/2021,2.8,7.4,-1.8,0,1024.3,171,13,2
02/03/2021,2.8,7.4,-1.8,0,1029.8,222,14,2
01/03/2021,4,8.5,-0.6,0.4,1024.9,338,27,2
28/02/2021,7.1,12.1,2.1,21.3,1021,75,15,2
27/02/2021,6.5,12.1,0.9,0.2,1026,115,13,2
26/02/2021,5.2,9.6,0.9,0,1025.9,339,8,2
25/02/2021,3,4.5,1.6,4.7,1023.9,3,9,2
24/02/2021,3.9,6.2,1.5,12.8,1025.2,131,8,2
23/02/2021,6,10.5,1.5,0,1029.1,122,9,2
22/02/2021,10.1,15.4,4.7,0,1025.8,12,16,2
21/02/2021,13.2,17.5,8.8,0,1007.9,152,15,2
20/02/2021,10.7,17.5,3.8,0,1008.7,170,12,2
19/02/2021,4.8,13.6,-4,0,1012.1,195,14,2
18/02/2021,1,6.5,-4.5,0,1026,210,12,2
17/02/2021,0.1,4.7,-4.5,0,1029.6,332,27,2
16/02/2021,1.4,4.7,-1.9,0,1023.8,326,26,2
15/02/2021,3,8,-1.9,0,1020.9,283,17,2
14/02/2021,8.4,11.9,5,5,1016.1,63,17,2
13/02/2021,8.8,12.7,5,0.3,1021.7,147,10,2
12/02/2021,7.4,11.4,3.4,0,1024.5,154,9,2
11/02/2021,7.2,11.2,3.3,0,1023.1,161,13,2
10/02/2021,6,11.2,0.9,0,1024.5,166,10,2
09/02/2021,2.1,6.9,-2.6,0,1026.9,183,11,2
08/02/2021,2.8,8.2,-2.6,0,1033.1,253,9,2
07/02/2021,9.2,15.8,2.6,0,1029.1,353,13,2
06/02/2021,9.9,15.8,4,0,1016.5,289,8,2
05/02/2021,4.2,9.4,-1.1,0,1016.4,175,14,2
04/02/2021,2.2,5.6,-1.1,0,1026.7,191,11,2
03/02/2021,1.1,5.3,-3.1,0,1026,254,11,2
02/02/2021,2,7.2,-3.1,0,1028.9,253,11,2
01/02/2021,5,8.9,1,0,1024.3,340,16,2
31/01/2021,6.2,9.1,3.2,0,1019.1,163,13,2
30/01/2021,1.9,9.1,-5.2,0,1024.6,131,9,2
29/01/2021,0.1,5.3,-5.2,0,1024.5,194,11,2
28/01/2021,0.7,5.8,-4.4,0,1029,320,23,2
27/01/2021,3.7,5.8,1.6,0,1023.1,185,16,2
26/01/2021,4.6,7.5,1.7,0,1025.9,332,13,2
25/01/2021,2.5,7.5,-2.4,2.3,1024,347,11,2
24/01/2021,1.6,5.5,-2.4,0,1027.1,176,5,2
23/01/2021,1.8,4.3,-0.7,0,1024.1,324,12,2
22/01/2021,4,8.6,-0.5,0,1022.9,329,14,2
21/01/2021,6.4,8.6,4.2,0,1020.8,326,13,2
20/01/2021,2.9,7.2,-1.4,0,1023.9,140,10,2
19/01/2021,2.1,5.7,-1.4,0,1029,147,17,2
18/01/2021,1.1,5.7,-3.6,0,1027.1,37,13,2
17/01/2021,-1.2,3.2,-5.7,0,1026.3,241,8,2
16/01/2021,-1.2,3.2,-5.7,0,1034.5,322,17,2
15/01/2021,3,9,-3.1,0,1025.2,348,25,2
14/01/2021,6,9,3,0,1015.7,132,13,2
13/01/2021,3.1,8.7,-2.4,0,1016.9,42,14,2
12/01/2021,0.7,5.7,-4.4,0,1014.4,199,12,2
11/01/2021,-1.2,2.2,-4.6,0,1025.2,263,7,2
10/01/2021,-3.7,0,-7.4,0,1031.3,337,13,2
09/01/2021,-6,-1.8,-10.1,0,1029.8,294,13,2
08/01/2021,-10.4,-4.9,-15.9,0,1030.2,304,16,2
07/01/2021,-8.2,-0.6,-15.9,0,1034.8,311,25,2
06/01/2021,-5.2,-0.6,-9.9,0,1032.5,313,28,2
05/01/2021,-0.7,2.9,-4.3,0,1034.1,342,19,2
04/01/2021,1.1,2.9,-0.8,0,1032.2,336,14,2
03/01/2021,0.5,4,-3,0,1032.7,322,6,2
02/01/2021,-0.2,4,-4.5,0,1031.9,305,6,2
01/01/2021,-2.4,3.9,-8.7,0,1027.6,292,8,2
31/12/2020,-6.8,-2.5,-11.2,0,1031.5,294,12,2
30/12/2020,-7.8,-4.3,-11.2,0,1035,312,25,2
29/12/2020,1.9,10.3,-6.6,1.7,1032.9,342,32,2
28/12/2020,7,10.3,3.7,4,1023.9,19,12,2
27/12/2020,6.7,9.6,3.7,0,1020.8,344,5,2
26/12/2020,4.3,9.6,-1,0,1021.1,187,10,2
25/12/2020,3.5,8,-1,0,1025,209,9,2
24/12/2020,5.6,11.1,0.1,0,1025.5,329,11,2
23/12/2020,7,11.1,3,0,1022.3,316,11,2
22/12/2020,4,9.1,-1,0,1024.8,205,9,2
21/12/2020,2,5.1,-1,0,1029.1,237,7,2
20/12/2020,0.5,4.6,-3.7,0,1033.9,327,8,2
19/12/2020,0.4,4.5,-3.7,0,1036.8,318,10,2
18/12/2020,0.9,4.5,-2.6,0,1035.6,356,16,2
17/12/2020,0.2,3,-2.6,0,1031.7,306,8,2
16/12/2020,-0.8,2.2,-3.7,0,1035.2,332,13,2
15/12/2020,-1.4,1.1,-3.8,0,1035.2,333,11,2
14/12/2020,-1.1,1.5,-3.8,0,1035.1,324,19,2
13/12/2020,3.5,9.8,-2.9,2,1030.2,339,29,2
12/12/2020,6.2,9.8,2.7,0,1019.3,228,9,2
11/12/2020,5.7,7.6,3.7,0,1022.1,333,11,2
10/12/2020,5,7.6,2.4,0,1023.1,355,7,2
09/12/2020,2.5,6.9,-1.9,0,1025.1,261,7,2
08/12/2020,1.9,5.8,-1.9,0,1030.3,335,8,2
07/12/2020,5.1,9.6,0.6,0,1033.3,332,22,2
06/12/2020,5.1,9.6,0.6,0,1029.3,338,8,2
05/12/2020,2.5,4.9,0.1,0,1031,325,5,2
04/12/2020,2.2,4.3,0.1,0,1033.5,346,11,2
03/12/2020,2.1,3.9,0.4,0,1035.7,332,22,2
02/12/2020,3,4.6,1.3,0.1,1034.4,337,21,2
01/12/2020,3.7,6.1,1.3,2.7,1035.9,352,13,2
30/11/2020,3,6.1,-0.2,0,1038.4,348,13,2
29/11/2020,2.2,4.7,-0.2,0,1034.9,337,14,2
28/11/2020,3.8,6.9,0.7,0,1033.8,336,18,2
27/11/2020,5.4,8,2.8,0,1035.2,354,17,2
26/11/2020,7.5,9.7,5.3,0,1031,351,15,2
25/11/2020,6.5,9.7,3.4,0,1029.1,350,13,2
24/11/2020,4.2,7.4,0.9,0,1029.5,355,10,2
23/11/2020,3.5,6,0.9,0,1032.1,337,17,2
22/11/2020,4.8,6.3,3.2,0,1032,344,26,2
21/11/2020,6,7.9,4,7.3,1025.4,347,18,2
20/11/2020,8.9,12.6,5.3,0,1026,358,15,2
19/11/2020,12.9,18.9,6.9,0,1016.9,347,19,2
18/11/2020,16.9,18.9,14.9,2.5,1005.4,219,18,2
17/11/2020,15.2,18.1,12.4,45.8,1015.7,145,14,2
16/11/2020,15.2,18.1,12.4,0,1024.2,124,9,2
15/11/2020,14.1,17.4,10.7,0,1026.7,138,5,2
14/11/2020,14.1,17.4,10.7,0,1028.3,172,8,2
13/11/2020,14.8,17.5,12.1,0,1030.3,66,5,2
12/11/2020,15.1,17.5,12.7,0,1028.6,207,9,2
11/11/2020,12.7,17.5,7.8,0,1030.7,182,12,2
10/11/2020,11.3,16.3,6.4,0,1030.2,185,7,2
09/11/2020,11.2,16,6.4,0,1027.7,317,7,2
08/11/2020,14.4,19.1,9.7,0,1029.2,358,13,2
07/11/2020,15.7,19.6,11.7,0,1023,317,9,2
06/11/2020,16.1,19.6,12.5,0,1019.2,305,6,2
05/11/2020,11.8,16.5,7,0,1023,201,11,2
04/11/2020,11.2,15.5,7,0,1024.7,197,9,2
03/11/2020,13.7,18.8,8.6,0,1027.2,346,17,2
02/11/2020,14.8,18.8,10.7,0,1024.7,322,18,2
01/11/2020,15.9,18.3,13.5,0,1021.6,341,12,2
31/10/2020,15.9,19.1,12.7,2,1021.3,226,10,2
30/10/2020,15.2,19.1,11.2,0,1026.7,235,8,2
29/10/2020,15.2,19.2,11.2,0,1027.4,354,5,2
28/10/2020,16.4,20.1,12.7,0,1027.1,4,9,2
27/10/2020,17.1,20.1,14.1,0,1023.7,336,12,2
26/10/2020,16.2,20.4,12,0,1020.1,184,6,2
25/10/2020,13.9,19.6,8.2,0,1020.3,194,7,2
24/10/2020,12.8,17.5,8.2,0,1023.3,259,10,2
23/10/2020,13.4,18.3,8.6,0,1023.2,360,12,2
22/10/2020,16.4,21.9,10.9,0,1020.5,337,16,2
21/10/2020,18.1,21.9,14.2,0,1017.2,322,18,2
20/10/2020,17.4,21.4,13.4,0,1022.8,194,12,2
19/10/2020,16.9,21.4,12.4,0,1026.1,182,6,2
18/10/2020,16,20.9,11.1,0,1024.9,5,7,2
17/10/2020,15.7,20.3,11.1,0,1024.8,267,8,2
16/10/2020,15.4,18.2,12.7,2,1024.6,328,11,2
15/10/2020,15.4,18.2,12.7,0,1026,219,7,2
14/10/2020,16.8,19.6,14,1.4,1028.2,13,5,2
13/10/2020,17.2,20.1,14.4,0.5,1024.1,182,8,2
12/10/2020,19.1,22.3,15.8,0,1021,3,12,2
11/10/2020,19,22.3,15.7,0.2,1017,246,9,2
10/10/2020,19.3,23.1,15.5,0.1,1019.5,120,5,2
09/10/2020,18.7,23.1,14.3,0,1022.4,97,6,2
08/10/2020,18.7,23.1,14.3,0,1026.6,55,8,2
07/10/2020,16.3,20.9,11.7,0,1026.9,42,6,2
06/10/2020,15.2,19.4,11,0,1025.2,302,7,2
05/10/2020,14.4,17.9,11,0,1023.4,344,15,2
04/10/2020,17.2,21.1,13.3,0,1019.7,337,27,2
03/10/2020,18.9,21.7,16.2,2,1016.1,344,8,2
02/10/2020,19.6,23.4,15.8,0,1016,335,16,2
01/10/2020,19.6,23.4,15.8,0.5,1012.5,197,12,2
30/09/2020,20.9,25.9,16,0,1014.6,353,12,2
29/09/2020,21.6,25.9,17.4,0,1013,355,12,2
28/09/2020,20.8,24.2,17.4,0,1015.3,161,6,2
27/09/2020,21.4,24.8,17.9,0,1018.5,98,6,2
26/09/2020,21.4,24.8,17.9,0,1018.2,102,7,2
25/09/2020,21.9,24.7,19,0,1016.1,118,7,2
24/09/2020,21.9,24.7,19.1,0.1,1015.2,26,7,2
23/09/2020,22,24.9,19.1,0,1016.7,72,7,2
22/09/2020,22.1,25.2,19.1,0,1017.5,105,10,2
21/09/2020,24.8,29.7,19.8,0,1017.1,86,8,2
20/09/2020,24.4,29.7,19,0,1016.9,5,8,2
19/09/2020,23.1,27.2,19,0,1016.7,209,9,2
18/09/2020,23.1,27.1,19,0,1015.6,247,11,2
17/09/2020,24.1,28.3,20,0,1012.9,298,10,2
16/09/2020,24.4,28.3,20.6,0,1009.7,341,11,2
15/09/2020,22.6,24.6,20.6,7.6,1009.4,185,11,2
14/09/2020,22.2,24.9,19.5,0,1014.3,156,5,2
13/09/2020,22.1,24.7,19.5,0,1016.6,177,7,2
12/09/2020,23.4,26.9,19.8,1.4,1017.1,68,8,2
11/09/2020,23.4,26.9,19.9,16.3,1013.1,65,9,2
10/09/2020,26.9,31.6,22.3,0.4,1008.4,200,8,2
09/09/2020,26.9,31.6,22.3,0,1008.5,312,8,2
08/09/2020,25.6,29,22.2,2,1010.7,222,7,2
07/09/2020,26.8,31.3,22.2,0,1005.6,331,14,2
06/09/2020,25.4,31.3,19.6,0,1006.5,335,8,2
05/09/2020,23.6,27.5,19.6,0,1009.2,176,14,2
04/09/2020,24.5,28.4,20.6,5.6,1009.8,166,12,2
03/09/2020,25.1,29.5,20.6,0,1007.4,276,13,2
02/09/2020,26.7,29.5,23.9,0,1005.2,320,19,2
01/09/2020,26.1,29.1,23.1,0,1007.7,180,8,2
31/08/2020,26.3,28.3,24.3,9.4,1008.8,183,9,2
30/08/2020,26.1,28.8,23.5,0.9,1009.9,117,12,2
29/08/2020,25.4,28.8,22.1,0.1,1009.2,100,9,2
28/08/2020,25.1,28.2,22.1,0,1006.3,351,7,2
27/08/2020,23.9,25.7,22.1,5.8,1000.9,330,8,2
26/08/2020,24.8,27.4,22.1,2.2,998.3,342,20,2
25/08/2020,25.9,28.7,23,7.5,1002.5,349,8,2
24/08/2020,26.1,28.7,23.5,40.1,1000.6,204,14,2
23/08/2020,25.1,29,21.1,0,1005.5,158,10,2
22/08/2020,24.9,29,20.9,0,1010.9,152,7,2
21/08/2020,24.4,27.9,20.9,9.8,1014.3,355,10,2
20/08/2020,27.6,30.9,24.3,3.8,1012.7,317,15,2
19/08/2020,28.4,30.9,25.8,1.8,1009.3,273,9,2
18/08/2020,28.1,29.8,26.4,0,1009.4,157,10,2
17/08/2020,29.4,32,26.9,0,1010.2,140,10,2
16/08/2020,28.9,32,25.7,0,1008.1,153,9,2
15/08/2020,27.3,30.4,24.2,0,1005.4,171,11,2
14/08/2020,27.3,30.4,24.2,0,1004.3,190,9,2
13/08/2020,27.3,29.3,25.3,35.8,1003.4,204,11,2
12/08/2020,26.8,29.4,24.1,0.2,1007.2,132,12,2
11/08/2020,26.4,29.4,23.3,0.1,1008.2,145,10,2
10/08/2020,26.1,28.8,23.3,0,1002.1,170,9,2
09/08/2020,25.6,28.1,23.1,2,998.9,160,7,2
08/08/2020,24.6,28.1,21.2,2,999,209,5,2
07/08/2020,24.6,28,21.2,7.6,1001.9,73,11,2
06/08/2020,26.2,28.7,23.7,59.9,1006.6,99,10,2
05/08/2020,26.1,28.7,23.4,0.1,1004.5,305,13,2
04/08/2020,26.1,28.9,23.4,1.5,1006.4,131,14,2
03/08/2020,26.2,28.9,23.5,132.2,1004.2,140,13,2
02/08/2020,26.1,28.7,23.5,16.2,1003.4,182,11,2
01/08/2020,26.1,28.7,23.4,40.6,1005.9,163,11,2
31/07/2020,24.9,27.6,22.2,3.9,1009.3,156,8,2
30/07/2020,24.2,26.7,21.7,0,1011.9,141,9,2
29/07/2020,23.9,26.5,21.3,0,1011.3,161,8,2
28/07/2020,23.6,25.8,21.3,0,1009.7,149,9,2
27/07/2020,23.4,25.6,21.3,0,1007.3,155,8,2
26/07/2020,25.6,29.4,21.8,0.1,1006.5,138,7,2
25/07/2020,25.7,30.8,20.6,0,1006.6,172,9,2
24/07/2020,25.7,30.8,20.6,0,1005.9,323,14,2
23/07/2020,23.2,25.5,20.9,2.8,1002.8,340,27,2
22/07/2020,23.3,25.6,21,173.6,1002.7,99,18,2
21/07/2020,25.6,30,21.3,0,1011.1,154,7,2
20/07/2020,25.6,30,21.2,0,1009,184,9,2
19/07/2020,21.9,23.4,20.5,22.1,999.5,320,17,2
18/07/2020,22.8,25,20.5,27.8,1000.7,115,14,2
17/07/2020,24.6,27.4,21.8,2.6,1006.4,144,13,2
16/07/2020,26.6,31.8,21.3,0,1006.5,148,10,2
15/07/2020,25.9,31.8,19.9,2,1005.4,168,6,2
14/07/2020,24.2,28.5,19.9,0,1006.9,241,9,2
13/07/2020,22.9,25.9,20,0.1,1005.4,351,12,2
12/07/2020,23.7,27.1,20.3,6.9,1002.4,43,17,2
11/07/2020,24.6,28.4,20.9,2.1,1007.3,128,11,2
10/07/2020,24.6,28.4,20.7,0,1004.8,181,10,2
09/07/2020,23.4,26.1,20.7,0,1003.1,143,9,2
08/07/2020,24.8,28.5,21.1,0,1005,166,9,2
07/07/2020,24.8,28.5,21.1,0,1006.2,163,7,2
06/07/2020,22.8,24.9,20.6,5.8,999.8,145,8,2
05/07/2020,21.6,24.1,19,0,1000,161,14,2
04/07/2020,21.7,24.4,19,0,1006.7,181,11,2
03/07/2020,22.9,25.7,20.2,0,1009.8,154,5,2
02/07/2020,25.8,31,20.5,2,1008.8,143,11,2
01/07/2020,24.6,31,18.3,0,1006.4,201,11,2
30/06/2020,23.3,28.3,18.3,0,1003.5,304,10,2
29/06/2020,21.6,23.9,19.3,12.3,999.7,18,10,2
28/06/2020,23.3,26.3,20.3,9.7,1004.7,128,10,2
27/06/2020,23.5,26.3,20.7,0,1005.2,160,9,2
26/06/2020,23.6,27.6,19.7,3,1005.5,151,10,2
25/06/2020,23.6,27.6,19.7,0.6,1004.3,209,11,2
24/06/2020,22.3,24.1,20.5,0,1001.2,333,17,2
23/06/2020,21.9,24,19.8,18.6,1000,24,13,2
22/06/2020,21.9,24,19.7,12.5,1007.7,126,12,2
21/06/2020,22,24.3,19.7,0,1007.9,150,9,2
20/06/2020,24.6,29.9,19.3,0,1008.5,157,11,2
19/06/2020,23.9,29.9,17.8,0,1008.6,209,11,2
18/06/2020,19.6,21.5,17.7,3.2,1005.4,335,13,2
17/06/2020,23.4,29.1,17.7,8.5,1004.7,165,7,2
16/06/2020,24.2,29.1,19.4,1.2,1006.1,184,6,2
15/06/2020,25.8,31.8,19.8,0,1007.2,179,8,2
14/06/2020,25.8,31.8,19.7,0,1007.9,223,8,2
13/06/2020,21.6,23.5,19.6,0,1004.7,135,9,2
12/06/2020,21.8,23.9,19.6,0.6,1004.6,132,6,2
11/06/2020,24.2,28.3,20.1,0.8,1005.5,155,10,2
10/06/2020,23.9,28.3,19.5,1.4,1005.9,212,6,2
09/06/2020,21.7,23.9,19.5,5.6,1011.3,109,13,2
08/06/2020,22.2,25.9,18.5,0,1012.8,147,11,2
07/06/2020,21.8,25.9,17.7,0,1009,156,14,2
06/06/2020,21.9,26,17.7,0,1008.5,151,11,2
05/06/2020,23.7,29.1,18.3,0,1007.2,113,10,2
04/06/2020,23.4,29.1,17.7,0,1003.2,127,10,2
03/06/2020,21.6,25.7,17.4,0,1001,161,13,2
02/06/2020,19.5,22.3,16.7,0,1003.7,157,10,2
01/06/2020,18.9,21.9,15.8,17.8,1008.6,157,13,2
31/05/2020,18.4,21,15.8,1.7,1010.6,152,10,2
30/05/2020,19,21.1,16.9,1.2,1013.5,139,11,2
29/05/2020,19.6,22.8,16.3,0,1012.5,141,13,2
28/05/2020,20.1,24.6,15.5,0,1011,148,14,2
27/05/2020,19.7,23.9,15.5,0.8,1009.4,163,10,2
26/05/2020,20.2,23.9,16.5,0,1010.8,247,12,2
25/05/2020,20.3,25.7,14.9,0,1010.3,156,10,2
24/05/2020,20.3,25.7,14.9,0,1012.3,190,13,2
23/05/2020,18.6,21.2,15.9,5.4,1007.8,204,15,2
22/05/2020,17.4,19.5,15.2,0,1007.3,153,14,2
21/05/2020,17.6,20.4,14.7,0,1009.5,144,15,2
20/05/2020,18.6,22.5,14.7,0,1011,159,12,2
19/05/2020,17.5,22.5,12.5,0,1007,341,15,2
18/05/2020,17.4,22.2,12.5,1.3,1001.4,311,23,2
17/05/2020,19.2,22.2,16.3,44.8,999.7,116,18,2
16/05/2020,18.9,23.8,14,0,1004.2,152,12,2
15/05/2020,18.9,23.8,14,0,1005.8,317,9,2
14/05/2020,16.7,19.4,14,1.9,1006.9,119,12,2
13/05/2020,17.7,21.4,14,0,1013.5,168,14,2
12/05/2020,16.8,21.4,12.2,0,1011.9,330,17,2
11/05/2020,16.9,21.7,12.2,1.5,1008.1,282,15,2
10/05/2020,16.6,21.7,11.6,0,1011,198,8,2
09/05/2020,14.2,16.7,11.6,0.1,1007.7,320,21,2
08/05/2020,15.9,18.7,13.1,60.1,1003.8,28,25,2
07/05/2020,15.2,19.4,11.1,5.4,1012.7,121,18,2
06/05/2020,14.5,19.4,9.6,0,1015.1,145,9,2
05/05/2020,14.8,20,9.6,3,1012.8,134,8,2
04/05/2020,16.6,20,13.3,2.3,1013.1,331,18,2
03/05/2020,16.4,19.3,13.4,2,1006.7,164,9,2
02/05/2020,19.1,23.9,14.2,0.8,1004.6,106,10,2
01/05/2020,18.6,23.9,13.3,2.6,1008,157,11,2
30/04/2020,16.6,21.3,11.8,0,1009.5,158,15,2
29/04/2020,16.6,21.3,11.8,0,1013.8,151,16,2
28/04/2020,15.5,21.3,9.7,0,1017.5,190,13,2
27/04/2020,14.4,19.2,9.7,0,1022.6,174,13,2
26/04/2020,14.4,18.9,9.9,0,1021,199,10,2
25/04/2020,16.1,22.9,9.3,0,1015.6,335,17,2
24/04/2020,15.2,22.9,7.4,0,1010.7,217,16,2
23/04/2020,11.3,15.3,7.4,0,1020.5,308,16,2
22/04/2020,10.6,13.5,7.6,0,1022.3,313,17,2
21/04/2020,12.6,17.1,8.1,0,1022.1,341,16,2
20/04/2020,13.3,17.1,9.5,0,1017.6,336,21,2
19/04/2020,14,18.8,9.2,0.9,1012.5,168,9,2
18/04/2020,14.1,19,9.2,5.1,1018,159,9,2
17/04/2020,14.6,19,10.2,0,1015.7,325,19,2
16/04/2020,14.2,17.7,10.6,3.3,1010,170,10,2
15/04/2020,14.8,18.9,10.6,0,1012.3,162,12,2
14/04/2020,13.8,20.1,7.4,0,1013.9,158,11,2
13/04/2020,13.6,20.1,7.1,0,1017.9,231,11,2
12/04/2020,11.8,16.6,7.1,0,1016.7,339,17,2
11/04/2020,11.2,16.4,6.1,0,1020.3,263,12,2
10/04/2020,8.3,11.8,4.9,0,1026.5,310,11,2
09/04/2020,9.2,13.4,4.9,7.3,1026.5,42,10,2
08/04/2020,15.1,21.6,8.5,0,1022.5,112,16,2
07/04/2020,14.5,21.6,7.4,0,1018.8,123,11,2
06/04/2020,9.1,13.4,4.7,0,1019.9,166,13,2
05/04/2020,9.6,14.5,4.7,0,1026.2,183,12,2
04/04/2020,11.9,16.3,7.6,0,1028.5,13,12,2
03/04/2020,11.8,16.3,7.2,0,1022.7,202,10,2
02/04/2020,11.3,15.4,7.2,0,1024.8,317,7,2
01/04/2020,11.2,15.4,7.1,0,1024.3,341,16,2
31/03/2020,9.4,12.8,6.1,0,1018.6,183,11,5
30/03/2020,7.8,11.1,4.5,0,1020.8,168,9,0
29/03/2020,7.7,10.9,4.5,0,1022.1,177,11,5
28/03/2020,8.3,10.9,5.7,0,1026,218,7,4
27/03/2020,10.2,14.4,5.9,0,1026,347,20,6
26/03/2020,10.5,14.4,6.6,0,1016.5,339,26,8
25/03/2020,11.4,14.1,8.8,2,1013.7,122,16,7
24/03/2020,15,21.8,8.2,0,1018.8,149,14,1
23/03/2020,14.9,21.8,8,0,1020.6,140,10,0
22/03/2020,13.6,19.1,8,0,1019.9,177,10,0
21/03/2020,13.2,19.1,7.4,0,1011.8,222,10,3
20/03/2020,11.6,16,7.2,0,1009.6,158,15,0
19/03/2020,11.7,16.1,7.2,0,1015.2,278,19,0
18/03/2020,13.8,20.4,7.3,0,1008.4,177,20,0
17/03/2020,11.6,20.4,2.8,0,1015.6,229,10,0
16/03/2020,9.4,16.1,2.8,0,1020.8,169,14,6
15/03/2020,9.8,16.1,3.5,0,1021.1,340,13,0
14/03/2020,9,14.5,3.5,0,1017.2,285,12,0
13/03/2020,8.6,11.3,5.8,0,1026.1,324,11,6
12/03/2020,7.2,11.3,3.1,0,1019.9,127,15,1
11/03/2020,7,10.9,3,0,1019.3,169,13,0
10/03/2020,6.9,10.8,3,0,1019.1,334,17,1
09/03/2020,7.8,10.5,5.2,2,1015.7,332,15,8
08/03/2020,8,10.8,5.2,2,1016.8,131,11,7
07/03/2020,7.7,10.8,4.6,0.8,1017.8,151,7,8
06/03/2020,2.9,7.5,-1.7,0.8,1018,167,15,6
05/03/2020,2.4,6.4,-1.7,0,1025.8,186,11,0
04/03/2020,5.2,9.4,1.1,0,1030.7,352,14,1
03/03/2020,4.8,9.4,0.2,0,1025.8,317,13,6
02/03/2020,3.3,6.4,0.2,0,1027.6,210,9,4
01/03/2020,5.5,7.4,3.7,2,1025.4,345,12,7
29/02/2020,3.9,7.4,0.4,0,1020.5,331,7,8
28/02/2020,3.3,6.8,-0.2,0.1,1020.6,5,5,8
27/02/2020,4.3,8.8,-0.2,6.5,1029.3,166,8,4
26/02/2020,7,11.7,2.3,0,1030.9,344,23,1
25/02/2020,8.9,11.7,6.2,0,1021.7,347,17,8
24/02/2020,6.2,9,3.4,15.9,1017,110,9,8
23/02/2020,4.8,7.9,1.8,0,1024.9,162,17,0
22/02/2020,4.9,8,1.8,0,1032,314,15,0
21/02/2020,6.3,8.6,4,2,1027.7,255,9,7
20/02/2020,6.3,8.6,4,0,1031.8,162,11,4
19/02/2020,4.1,9.3,-1.1,0,1028.6,161,9,2
18/02/2020,3,9.3,-3.4,0,1028.5,180,10,1
17/02/2020,-1,2.8,-4.8,2,1029.8,321,17,2
16/02/2020,-2.9,-0.9,-4.8,2,1026.8,310,23,3
15/02/2020,3.2,9.4,-3,4,1025.1,321,32,7
14/02/2020,7.6,10,5.2,12.6,1020.2,99,20,8
13/02/2020,9.5,13.8,5.2,0.3,1017.1,142,14,7
12/02/2020,9.9,13.8,6.1,0,1016.9,189,12,3
11/02/2020,8.2,11,5.4,2,1020.4,123,10,7
10/02/2020,5.2,11,-0.5,0,1022.6,157,12,0
09/02/2020,3.5,7.4,-0.5,0,1024.7,182,8,0
08/02/2020,3.5,6.7,0.4,0,1031.8,332,13,3
07/02/2020,1.2,6.2,-3.7,0,1031,310,10,5
06/02/2020,-1.4,1.3,-4.1,0,1034.1,223,5,6
05/02/2020,1.4,6.9,-4.1,0,1036.4,12,10,0
04/02/2020,2.8,6.9,-1.4,2,1029.6,319,12,6
03/02/2020,3,7.5,-1.4,0,1029.4,223,11,3
02/02/2020,5.1,8.8,1.4,2,1027.9,2,15,5
01/02/2020,3.2,8.8,-2.3,0,1028.2,107,11,0
31/01/2020,2.5,7.4,-2.3,0,1025.2,244,11,0
30/01/2020,0.5,2.8,-1.8,0,1023.7,334,26,2
29/01/2020,1.1,3.2,-1.1,0,1022.1,335,30,4
28/01/2020,4.3,7.1,1.5,2,1022.8,329,19,8
27/01/2020,3.6,7.1,0.2,2,1022.4,332,18,7
26/01/2020,2.8,5.8,-0.2,0,1027.3,347,13,8
25/01/2020,3.2,6.6,-0.2,0,1031.7,343,15,7
24/01/2020,5,8.1,1.8,0,1034.6,8,13,5
23/01/2020,6,8.9,3,0,1029.4,335,10,2
22/01/2020,5.1,8.9,1.3,0,1024.3,95,6,7
21/01/2020,4.2,8,0.4,2,1026.6,145,12,4
20/01/2020,3,5.5,0.4,0,1028.5,338,9,0
19/01/2020,0.9,4.9,-3.1,0,1023.5,354,9,2
18/01/2020,0,3.1,-3.1,0,1024.1,288,8,8
17/01/2020,1.1,2.8,-0.6,0,1027.4,334,15,2
16/01/2020,-0.2,2.2,-2.7,0,1029.7,336,15,8
15/01/2020,-0.3,2,-2.7,0,1030.6,2,8,4
14/01/2020,-0.1,2.2,-2.5,0,1030.3,0,14,1
13/01/2020,0.3,2.2,-1.6,2,1026.3,350,15,5
12/01/2020,0.7,3,-1.6,0,1024.8,355,13,3
11/01/2020,2,4.9,-0.8,0,1024.2,336,17,7
10/01/2020,1.6,4.9,-1.6,0,1025.1,344,11,4
09/01/2020,0.6,2.9,-1.7,0,1028,338,7,4
08/01/2020,0.8,3.3,-1.7,0,1028.4,333,18,1
07/01/2020,3.9,8.2,-0.4,11.4,1018.3,342,29,8
06/01/2020,5.2,8.2,2.2,15.2,1020,354,11,8
05/01/2020,4.8,7.5,2.2,7,1027.4,101,14,8
04/01/2020,3.5,7.1,-0.2,0,1029.1,339,8,0
03/01/2020,2.8,5.7,-0.2,0,1028.9,342,10,5
02/01/2020,1.3,4.9,-2.3,0,1031,330,9,6
01/01/2020,-0.5,4.3,-5.3,0,1032.3,245,7,0
31/12/2019,-1.6,2.2,-5.3,0,1037.8,278,10,0
30/12/2019,3.1,10.6,-4.3,0,1036.4,341,32,0
29/12/2019,7.5,10.6,4.5,2,1022,179,7,7
28/12/2019,4.7,9.2,0.1,2,1023.3,194,13,2
27/12/2019,3.5,6.9,0.1,0,1025.4,218,10,0
26/12/2019,3.6,6.2,1,0,1026.5,316,18,5
25/12/2019,3.5,7.9,-0.9,10.3,1023.1,3,16,8
24/12/2019,3.5,7.9,-0.9,2,1026.6,201,7,3
23/12/2019,4.8,9,0.5,0,1028.5,357,15,2
22/12/2019,5.9,9,2.8,0.3,1021.2,282,14,7
21/12/2019,3.2,8.4,-2,0.6,1024.3,195,5,3
20/12/2019,2.1,6.2,-2,0,1029.6,313,8,0
19/12/2019,2.2,5,-0.6,0,1030.7,333,12,1
18/12/2019,3,6.5,-0.6,0,1031,340,16,4
17/12/2019,7.4,12.7,2.1,0,1027,351,24,6
16/12/2019,8.2,12.7,3.6,4.3,1017.5,37,19,8
15/12/2019,6.2,10.4,1.9,0.4,1026.1,111,10,6
14/12/2019,6.6,11.3,1.9,0,1031.5,85,6,3
13/12/2019,5.3,11.3,-0.7,0,1027,292,12,4
12/12/2019,4,8.6,-0.7,0,1028.9,200,10,0
11/12/2019,6.7,12.5,0.9,0,1026.8,334,18,0
10/12/2019,7.5,12.5,2.5,0,1018.1,263,18,0
09/12/2019,6,9.8,2.2,0,1019.9,333,7,4
08/12/2019,5.3,9.8,0.9,0,1024.5,204,11,1
07/12/2019,1.8,4.5,-0.9,0,1032,334,8,2
06/12/2019,0.2,5,-4.5,0,1040.7,250,5,0
05/12/2019,4.5,10.8,-1.7,0,1041,18,15,0
04/12/2019,6,10.8,1.2,0,1032.5,345,9,0
03/12/2019,5.3,9.4,1.2,0,1027.9,332,8,0
02/12/2019,3.7,5.9,1.5,0,1029.1,293,14,0
01/12/2019,4.6,6.6,2.6,0.6,1026.3,330,25,5
30/11/2019,3.6,6.6,0.7,3.8,1028.1,360,11,8
29/11/2019,2.6,6.3,-1.1,2,1033.7,13,8,2
28/11/2019,2.2,5.5,-1.1,0,1036.4,354,17,0
27/11/2019,3,5.7,0.2,0,1036.6,355,23,6
26/11/2019,3.1,5.7,0.5,0,1032.7,354,14,1
25/11/2019,4.3,8.1,0.5,0,1036.2,17,13,2
24/11/2019,10.8,16.4,5.1,2,1031.8,9,26,7
23/11/2019,14.8,17.4,12.2,3.9,1019.4,202,10,8
22/11/2019,14.6,17.4,11.8,2.7,1022.4,152,10,4
21/11/2019,9.4,14.7,4.2,0.2,1026.8,176,13,5
20/11/2019,7,12.6,1.5,0,1030.2,178,8,3
19/11/2019,4.8,8.1,1.5,0,1030.7,354,9,0
18/11/2019,9.4,16.6,2.2,0,1028.7,329,23,3
17/11/2019,14.4,18.4,10.4,4.5,1019.1,331,20,8
16/11/2019,15.5,18.4,12.6,1.4,1017,113,13,3
15/11/2019,11.6,18.1,5,0,1016.3,95,9,0
14/11/2019,10.5,16,5,0,1019.1,195,14,0
13/11/2019,13.2,18.8,7.7,0.2,1024.3,337,21,2
12/11/2019,15.1,18.8,11.3,0.2,1018.9,184,14,4
11/11/2019,14.7,18.1,11.3,0,1018,4,9,0
10/11/2019,13.5,17.1,9.9,2,1010.1,283,22,8
09/11/2019,11.1,17.1,5.1,0.8,1019.6,211,12,0
08/11/2019,9.7,14.2,5.1,0,1025.4,320,5,0
07/11/2019,13.6,18.1,9,0,1025.4,360,18,1
06/11/2019,13.8,18.1,9.6,0,1018.8,306,8,1
05/11/2019,13.2,17.5,9,0,1022,326,9,0
04/11/2019,14,19,9,0,1024.7,344,16,0
03/11/2019,16.1,20.5,11.8,0,1024.3,342,21,5
02/11/2019,17.4,21.3,13.5,0,1020.9,169,6,5
01/11/2019,17.4,21.3,13.5,0,1023.8,119,9,2
31/10/2019,20.9,25.7,16.2,0,1021.1,323,6,0
30/10/2019,16.7,20.7,12.7,0,1020.2,192,12,0
29/10/2019,13.6,16.9,10.2,0,1020.8,304,14,0
28/10/2019,17.1,20.2,13.9,0,1015.5,319,14,1
27/10/2019,11.2,17.5,4.9,0,1016.7,212,9,1
26/10/2019,11.6,15.5,7.6,0,1022.8,297,9,3
25/10/2019,13.6,16.6,10.5,2,1024.9,342,23,6
24/10/2019,18.4,22,14.9,0,1022.6,225,12,3
23/10/2019,19.4,23.4,15.5,0,1019.2,89,6,4
22/10/2019,17.1,20.3,13.8,0,1018.1,0,6,7
21/10/2019,19.7,22.2,17.2,0,1018.7,333,8,5
20/10/2019,19.5,22.2,16.8,0,1020.6,205,9,1
19/10/2019,17.6,22,13.3,0,1022.5,212,8,0
18/10/2019,17,19.9,14.1,0,1022.9,331,7,3
17/10/2019,15.6,19.2,12,0,1024.8,330,8,5
16/10/2019,13.4,15.4,11.4,0,1027.4,342,10,6
15/10/2019,12.7,16.9,8.4,0,1031.3,349,16,0
14/10/2019,13.2,15.8,10.6,0,1032.1,350,22,3
13/10/2019,19.2,23.4,15.1,0,1025.3,339,16,4
12/10/2019,19.9,23.6,16.2,0,1020,347,10,6
11/10/2019,17.8,19,16.6,0.3,1017.6,31,9,8
10/10/2019,4.8,18.2,-8.5,4.8,1016.2,332,11,5
09/10/2019,18.4,23.1,13.7,3,1017.9,193,9,7
08/10/2019,17.9,22.1,13.7,0,1023.2,339,11,0
07/10/2019,16.2,19.3,13.1,0,1020.5,316,13,5
06/10/2019,5.5,17.3,-6.2,0.8,1024.6,334,12,7
05/10/2019,16.3,19.3,13.3,0,1024.3,2,21,1
04/10/2019,19.1,23.6,14.6,0.8,1018.4,350,22,7
03/10/2019,24.1,30,18.2,0,1012.8,304,12,0
02/10/2019,11.2,27.9,-5.5,0,1014.5,331,12,4
01/10/2019,21.8,26.6,17,0,1015.8,108,9,2
30/09/2019,23.4,25.8,21.1,0,1017,174,7,0
29/09/2019,23.6,26,21.2,0,1017.3,177,9,0
28/09/2019,22.4,25.2,19.5,0,1018.6,177,9,0
27/09/2019,22.1,24.7,19.5,0,1021.2,199,8,1
26/09/2019,22.2,24.6,19.8,0,1023,148,9,1
25/09/2019,23.4,27.5,19.4,0,1021.9,170,7,4
24/09/2019,24.9,30.6,19.3,0,1019.9,296,9,1
23/09/2019,21.8,27.2,16.3,0,1019,335,13,0
22/09/2019,22.4,27,17.7,0,1017.2,344,22,0
21/09/2019,23.6,27.6,19.7,0,1018.4,54,12,3
20/09/2019,22.4,25.3,19.6,0,1018,3,8,7
19/09/2019,19.2,24,14.5,0,1020.3,266,7,5
18/09/2019,22.7,25.4,20,0,1023.3,357,18,1
17/09/2019,23.4,27.2,19.7,0,1018.1,330,13,7
16/09/2019,25.1,29.7,20.4,2,1015,313,13,7
15/09/2019,23.2,25.3,21.1,2,1014.1,334,12,8
14/09/2019,25.2,29.3,21.2,0,1014.7,12,14,3
13/09/2019,24.7,27.1,22.3,0.8,1012.2,260,15,7
12/09/2019,25.2,29.6,20.9,0,1014.2,196,10,7
11/09/2019,24.6,28.1,21.2,0.1,1016.9,326,13,5
10/09/2019,26.7,30.4,23,0,1014.2,10,12,5
09/09/2019,25.6,29,22.2,0,1010,49,8,0
08/09/2019,26.6,28.9,24.3,0,1008.3,131,8,1
07/09/2019,25.6,28.9,22.2,0,1002.7,4,14,4
06/09/2019,25.1,27.8,22.3,2,1005.3,33,11,5
05/09/2019,25.5,29.6,21.4,0,1009.3,232,8,3
04/09/2019,24.6,29.1,20,0,1010.3,332,12,3
03/09/2019,25.2,28.7,21.7,7.4,1013.6,66,12,6
02/09/2019,24.9,27.6,22.3,0,1016.7,99,9,4
01/09/2019,24.7,27.4,22,0,1016.9,111,8,3
31/08/2019,24.1,27.3,21,0,1015.7,137,9,4
30/08/2019,25.5,30.5,20.5,0,1012.5,315,10,1
29/08/2019,25.6,28.5,22.6,0,1009.3,331,16,0
28/08/2019,27.4,31.3,23.5,0,1007,272,11,2
27/08/2019,26.6,29.3,24,0,1008.1,235,6,8
26/08/2019,25.9,27.8,24,0.2,1009.8,114,8,6
25/08/2019,25.4,27.1,23.6,2,1012.8,131,9,5
24/08/2019,25.8,28.2,23.3,2,1012.5,157,8,7
23/08/2019,26.7,29.6,23.8,0,1011.5,124,9,5
22/08/2019,26.6,31,22.2,0,1009.7,334,14,1
21/08/2019,25.5,28.2,22.8,0,1008.8,330,8,6
20/08/2019,25.7,28.1,23.3,0,1008.8,162,9,2
19/08/2019,27.2,31.5,23,0,1010.8,77,9,1
18/08/2019,26.6,30.6,22.6,0,1008.9,183,8,1
17/08/2019,26.6,31.1,22.1,0,1004.4,329,10,0
16/08/2019,27.1,31.7,22.4,0,999.4,311,11,4
15/08/2019,25.9,28.9,22.9,0,997.5,329,17,4
14/08/2019,24.6,26.2,23,1.1,1000.1,332,14,7
13/08/2019,24.1,25.9,22.4,0.5,999.1,277,12,8
12/08/2019,24.2,25,23.4,0.3,992.1,221,15,8
11/08/2019,25.8,26.6,24.9,26.6,985.9,129,18,8
10/08/2019,28.8,30.6,27,27.2,998.2,100,21,7
09/08/2019,28.5,30.6,26.4,0,1005.1,139,12,2
08/08/2019,28.2,30.2,26.2,0,1006.6,145,7,5
07/08/2019,27,29,25,2.6,1005.4,160,9,6
06/08/2019,27.4,29.1,25.6,0,1006.4,175,8,1
05/08/2019,27.7,29.5,25.9,0,1008.8,147,11,4
04/08/2019,27.6,30.1,25.2,0.9,1009.3,141,11,5
03/08/2019,27.2,28.7,25.7,0,1009.8,151,10,4
02/08/2019,25.8,29.4,22.1,0,1008.7,137,12,5
01/08/2019,28.9,31.8,26.1,61.3,1008.8,126,9,7
31/07/2019,26.3,28.2,24.4,2,1007.1,165,11,6
30/07/2019,29,33.6,24.4,5.7,1003.7,171,8,7
29/07/2019,26.4,28.2,24.7,4.4,1004.1,177,12,6
28/07/2019,27.3,28.9,25.7,28,1004,152,13,4
27/07/2019,27.2,28.6,25.9,0.2,1003,152,11,7
26/07/2019,28.4,30.9,26,0,1002.2,156,9,2
25/07/2019,28.4,30.5,26.4,0.6,1002,152,8,7
24/07/2019,29.5,33.5,25.5,0,1001.5,166,8,2
23/07/2019,26.5,28,25,13.2,1000.2,156,9,7
22/07/2019,27.9,30.3,25.4,0,1003.5,160,12,7
21/07/2019,29.6,33.5,25.6,0,1004.3,164,11,3
20/07/2019,28.1,32.3,24,0,1002,315,9,0
19/07/2019,26.6,29.5,23.6,0,1003.8,106,8,4
18/07/2019,25.9,29.2,22.5,1.4,1006.1,94,14,7
17/07/2019,24.9,26.7,23.2,0,1008.6,133,10,7
16/07/2019,25.8,27.4,24.2,0,1008.8,152,11,5
15/07/2019,27.1,30.8,23.5,0,1006,164,9,0
14/07/2019,27.1,32.5,21.6,0,1002.7,255,9,1
13/07/2019,26.5,30.2,22.8,6.7,1000.5,203,10,3
12/07/2019,25.1,28,22.3,0,1003.6,179,8,4
11/07/2019,24,26.2,21.8,0,1007.4,167,10,6
10/07/2019,24.1,26.4,21.8,0,1006.4,139,8,4
09/07/2019,23.8,25.4,22.1,0,1005.4,126,9,7
08/07/2019,23.9,27.7,20.1,0,1007.5,183,7,3
07/07/2019,22,24.5,19.5,44.7,1006.7,82,11,5
06/07/2019,22.7,25.1,20.3,15.5,1001.2,121,14,6
05/07/2019,25,26.9,23.1,0,1000.2,154,13,2
04/07/2019,24.8,26.9,22.6,0,1004.4,162,12,3
03/07/2019,23.6,26.6,20.7,0,1007.2,164,12,3
02/07/2019,24.2,27,21.4,3,1008.6,160,14,0
01/07/2019,26,29.4,22.6,0,1007.2,167,8,2
30/06/2019,27.1,31,23.2,2,1002.2,173,6,8
29/06/2019,24.3,27.2,21.4,0,997.6,160,9,6
28/06/2019,22.6,24,21.2,5.8,999.5,154,10,8
27/06/2019,22.1,24.4,19.9,0,1001.5,167,12,3
26/06/2019,23,25.7,20.3,0,1005.8,147,9,1
25/06/2019,22.1,23.6,20.6,0,1011.5,140,12,7
24/06/2019,21.6,23.7,19.5,0,1012,162,14,2
23/06/2019,23.8,26.9,20.7,0,1010.1,160,11,0
22/06/2019,24.6,29.5,19.7,0,1008.1,308,9,1
21/06/2019,21.6,23.4,19.8,0,1007.8,169,9,5
20/06/2019,20.8,22,19.6,3.6,1006.2,162,9,8
19/06/2019,21.1,22.8,19.4,0,1007,165,13,7
18/06/2019,21.4,23,19.8,0,1007.5,165,14,4
17/06/2019,21.2,23,19.4,0,1009.9,156,12,6
16/06/2019,21.6,23.4,19.8,0,1010.6,160,9,6
15/06/2019,23.9,29.6,18.2,0,1006.8,224,9,6
14/06/2019,20.5,22.9,18.1,0,1005.7,160,12,2
13/06/2019,19.5,20.5,18.5,2,1008.2,154,12,8
12/06/2019,19.1,21,17.2,0,1009.8,152,13,7
11/06/2019,19.3,22.2,16.4,0,1010.1,149,11,0
10/06/2019,19.4,22.1,16.8,0,1007.7,172,9,0
09/06/2019,19.2,20.9,17.5,0,1004,354,13,5
08/06/2019,19.2,20.7,17.8,10.9,1004.9,160,13,7
07/06/2019,21.8,26.3,17.2,0,1008.5,201,11,2
06/06/2019,18.8,19.9,17.7,18.5,1006.6,39,14,8
05/06/2019,21.4,24.1,18.7,2,1009.9,129,14,6
04/06/2019,21.7,25.7,17.7,3.4,1007.5,164,13,6
03/06/2019,19.9,22.2,17.5,2.5,1004.8,152,15,3
02/06/2019,19.6,22,17.3,0,1004.1,160,18,0
01/06/2019,20.6,24,17.2,0,1006.5,157,11,7
31/05/2019,19.4,23.9,14.8,0,1010.1,172,11,4
30/05/2019,19.1,22.5,15.7,0.5,1010.1,129,7,7
29/05/2019,24,27.8,20.2,0,1011.4,176,12,0
28/05/2019,22.2,27.9,16.5,0,1013.8,255,10,5
27/05/2019,18.7,21.7,15.7,0,1013.7,347,22,7
26/05/2019,17.8,18.5,17.1,2.7,1004.5,154,16,8
25/05/2019,20.6,23.1,18.2,2,1008,149,14,2
24/05/2019,25.5,28.2,22.8,0,1008.8,164,12,6
23/05/2019,23.6,28.1,19.2,0,1006.1,226,11,0
22/05/2019,23.4,26.3,20.4,0,1005,169,14,0
21/05/2019,22.9,28.7,17,0,1006.6,166,9,1
20/05/2019,19.7,23.8,15.6,0,1010.5,301,16,0
19/05/2019,20.1,23.8,16.5,0,1008.7,330,20,6
18/05/2019,19.4,22.9,15.9,0,1009.4,109,12,4
17/05/2019,17.4,18.8,15.9,28.3,1009.7,102,14,6
16/05/2019,18.6,21.4,15.8,13.3,1009.8,148,12,5
15/05/2019,15.6,18.6,12.6,0,1010.8,160,13,4
14/05/2019,15.3,18,12.7,0,1012,162,13,3
13/05/2019,18.1,21.5,14.6,0,1012.6,33,10,5
12/05/2019,17.3,19.9,14.7,0.3,1012.3,155,14,3
11/05/2019,16.6,19,14.1,1.4,1012.4,142,14,7
10/05/2019,16.1,17.9,14.3,0.1,1012.3,152,13,2
09/05/2019,17.1,21.7,12.4,0,1010.6,165,11,2
08/05/2019,16.6,19.8,13.5,0,1011.3,182,12,7
07/05/2019,17,21.7,12.3,0,1016.6,176,12,5
06/05/2019,16.1,21.4,10.8,0,1021.4,312,10,0
05/05/2019,19.3,23.9,14.7,0,1020.1,18,10,5
04/05/2019,19.1,21.5,16.6,0,1017.1,152,10,6
03/05/2019,22,27.2,16.8,0,1018.2,205,9,4
02/05/2019,20.4,26.7,14.2,0,1015.8,257,8,0
01/05/2019,18.6,24.5,12.8,0,1014,330,12,0
30/04/2019,14.8,19.7,9.8,0,1010.5,264,8,4
29/04/2019,11.9,13.9,9.9,2,1013.3,145,8,8
28/04/2019,10.8,13.1,8.6,2,1018,100,11,6
27/04/2019,12.1,15.6,8.6,4.1,1021.2,120,9,6
26/04/2019,10.2,15.1,5.2,0,1021,349,14,3
25/04/2019,11,13.4,8.6,4.3,1013.7,340,26,4
24/04/2019,14.9,17.1,12.8,2,1009.4,191,7,8
23/04/2019,13.4,14.9,11.9,5.9,1009.3,86,10,8
22/04/2019,13.2,15.9,10.5,12.7,1013.6,149,8,7
21/04/2019,14.2,16.4,12,0,1014.2,153,6,8
20/04/2019,11.9,14.4,9.5,0,1012.3,131,6,8
19/04/2019,13.4,16.6,10.3,0,1016.2,150,10,1
18/04/2019,16.4,21.1,11.8,0,1013.4,176,9,0
17/04/2019,11.9,14.6,9.3,0,1008.2,160,17,0
16/04/2019,11.8,13.2,10.4,0,1012.8,147,11,7
15/04/2019,12.8,15.7,10,0,1016.9,182,13,3
14/04/2019,14.4,18.4,10.4,0,1020.4,296,14,0
13/04/2019,11.4,13.2,9.6,1.6,1016.7,188,12,6
12/04/2019,10.7,13.7,7.6,2,1018.7,170,12,3
11/04/2019,11.1,14,8.2,0.2,1017.6,249,6,6
10/04/2019,10,14.3,5.7,0,1017.4,331,13,4
09/04/2019,8.7,11.5,5.8,10.9,1014,13,17,8
08/04/2019,11.3,14.1,8.6,0.4,1016.5,111,23,5
07/04/2019,13.4,15.9,11,0,1012.6,138,12,4
06/04/2019,15.8,21.5,10,2,1008.4,212,8,2
05/04/2019,13.6,16.9,10.3,0,1011.2,140,15,1
04/04/2019,10.9,14.1,7.8,0,1013.9,192,13,2
03/04/2019,9.2,12.5,5.8,0,1024.6,188,11,0
02/04/2019,8.9,11.3,6.6,0,1025,153,9,3
01/04/2019,11.4,16.2,6.7,0,1023.5,103,11,3
31/03/2019,8.8,12.5,5,0,1024.9,227,14,0
30/03/2019,8.2,10.4,5.9,0,1021.5,322,24,1
29/03/2019,7.2,8.8,5.6,3.3,1015.5,157,8,7
28/03/2019,10.3,12.4,8.2,0,1016.4,136,9,6
27/03/2019,16.6,21.7,11.6,0,1013.7,292,10,3
26/03/2019,13.3,16.8,9.9,0,1014.9,182,15,0
25/03/2019,11.2,14.6,7.7,0,1014.5,180,12,3
24/03/2019,8.1,11.1,5,0,1017.7,180,14,3
23/03/2019,8,10.1,5.8,0,1026.3,314,16,0
22/03/2019,5.7,8.8,2.6,0,1024.9,214,11,5
21/03/2019,7.8,9.6,5.9,0,1021.2,347,19,7
20/03/2019,8.6,9.6,7.6,6.6,1004.2,340,20,6
19/03/2019,11.6,14.8,8.4,15.5,1012.4,162,15,4
18/03/2019,9.1,10.9,7.2,0,1015.2,162,15,4
17/03/2019,9.1,12.6,5.5,0,1023.5,165,12,1
16/03/2019,10.2,15.8,4.7,0,1020.5,178,11,0
15/03/2019,8,10.3,5.7,0,1023,301,20,1
14/03/2019,10.6,14.9,6.2,0,1021.3,175,10,2
13/03/2019,8.6,12.7,4.4,0,1023.4,242,14,0
12/03/2019,7.5,9.4,5.6,0,1019.3,309,17,1
11/03/2019,8.7,12.4,4.9,0,1012.2,300,18,3